"capital,ρ“sC‘–{"
"equity,φ•½C•’Κ”"
"quotation,©Ο‚θCψ—p"
"pharmaceutical,γ–ς•i‚Μ"
"stability,ΐ’θ«"
"overhead,ΤΪ‚Μ"
"consolidate,“‡‚·‚ιC‡•Ή‚·‚ι"
"glance,‚Π‚Ζ‚ί©‚ι"
"stitch,‚Π‚Ζ•‚έC–D‚Ά–Ϊ"
"incur,µ‚­C•‰‚¤"
"spruce,‹C‚Μ—‚Ά‚½"
"artificial,lH“I‚ΘCμ‚θ•¨‚Μ"
"monetary,‹ΰ—Z‚ΜC‹ΰ‘K‚Μ"
"statutory,–@’μ‚Μ"
"anticipate,ϊ‘‚·‚ι"
"drainage,”r…C”r…H"
"component,¬•C•”•i"
"deterioration,«‰»"
"authority, Π"
"commuter,’Κ‹Ξ"
"continent,‘ε—¤"
"founder,‘nέ"
"illustrate,ΰ–Ύ‚·‚ιC}‰π‚·‚ι"
"consent,“―Σ‚·‚ι"
"frame,‘g‚έCg‘g‚έ"
"scientific,‰Θw‚Μ"
"sturdy,ζδ‚Θ"
"perimeter,όΝ"
"peninsula,”Ό“‡"
"enthusiastic,”M‹¶“I‚Θ"
"apart,—£‚κ‚Δ"
"bureau,––±‹ΗC‚½‚ρ‚·"
"depart,o”­‚·‚ι"
"reimbursed,•¥‚Ά–ί‚³‚κ‚½"
"paycheckD,‹‹—Ώ"
"devoted,£g“I‚Θ"
"permanent,‰i‹v‚ΜCνέ‚Μ"
"in-person,‘Ξ–Κ‚Ε"
"artistic,|p“I‚Θ"
"string,‚Π‚ΰA…"
"quartet,ll‘g"
"tenor,iHAο|"
"batch,‚Π‚Ζ‚ά‚Ζ‚ί"
"agricultural,”_‹Ζ‚Μ"
"carry-on,‘±‚―‚ι"
"ridge,”φ"
"supplement,•β‘«"
"prospect,©’Κ‚µC©‚έ"
"likewise,“―—l‚Ι"
"justify,‚π³“–‰»‚·‚ι"
"realistic,»ΐ“I‚Θ"
"wellness,’N"
"mammal,M“ϋ“®•¨"
"nonrefundable,•Τ‹ΰ•s‰Β‚Μ"
"interrupt,‚ΜΧ–‚‚π‚·‚ιC‚π’†’f‚³‚Ή‚ι"
"statistics,“v"
"attire,•‘•"
"accurately,³m‚Ι"
"pharmacist,–ςάt"
"aviation,q‹σCq‹σ‹@Y‹Ζ"
"endorse,x‚·‚ι"
"handout,”z•z•¨"
"monument,‹L”O”θ"
"toll,’Κs—Ώ‹ΰ"
"documentary,–ΐ‚π‹L^‚µ‚½"
"wearable,g‚Ι•t‚―‚ι‚±‚Ζ‚Μo—‚ι"
"expedite,‘£i‚·‚ι"
"inattentive,•s’Σ‚Θ"
"retrieve,ζ‚θ–ί‚·"
"malfunction,Μα"
"inconsistent,κΡ‚µ‚Θ‚ΆC–µ‚‚µ‚½"
"occur,”­¶‚·‚ι"
"undesirable,–]‚ά‚µ‚­‚Θ‚Ά"
"surgeon,O‰Θγ"
"superintendent,Δ“Β"
"donate,ρ•t‚·‚ι"
"compliment,–J‚ίΎ—t"
"in-store,‚¨“X‚Μ’†‚Ε"
"reject,‹‘”Ϋ‚·‚ι"
"custodian,Η—l"
"belongings,‚Ώ•¨"
"validate,Ψ‚·‚ι"
"tutorial,‰Ζ’λ‹³t‚Μ"
"reassure,ΐS‚³‚Ή‚ι"
"absent,‡Θ‚Μ"
"electric,“d‹C‚Μ"
"overbook,‰ίθ—\–ρ‚·‚ι"
"meal voucher,H–”"
"refuse,‚π‹‘”Ϋ‚·‚ι"
"excuse,‹–‚·"
"handicraft,θ|"
"misunderstand,¨α‚Ά‚·‚ι"
"loose,‚δ‚ι‚ρ‚Ύ"
"neat,‚«‚Ώ‚ρ‚Ζ‚µ‚½"
"orient,“—m"
"outgoing,Ππ“I‚Θ"
"colossal,‹‘ε‚ΘC“r•ϋ‚ΰ‚Θ‚­‘ε‚«‚Ά"
"unprecedented,‘O—α‚Μ‚Θ‚Ά"
"mineral,z•¨"
"redesign,ΔέvCΔέv‚·‚ι"
"duty,E–±A‹`–±"
"enrich,–L‚©‚Ι‚·‚ι"
"truthful,½ΐ‚Θ"
"diversity,‘½—l«"
"compose,\¬‚·‚ι"
"detour,‰I‰ρ‚·‚ι"
"rigorous,µi‚Θ"
"formally,³®‚Ι"
"bulletin,‘¬•ρC¦"
"contemporary,»έ‚ΜC»‘γ‚ΜC“―‘γ‚Μ"
"vast,”ρν‚Ι‘ε‚«‚Θ"
"clay,”S“y"
"pottery,“©ν"
"minute,•C‹c–^"
"anyway,‚Ζ‚ΰ‚©‚­"
"reconfiguration,Δ\¬"
"influence,‚Ι‰e‹Ώ‚π‹y‚Ϊ‚·^‰e‹Ώ"
"literacy,“Η‚έ‘‚«"
"prescribe,•ϋ‚·‚ι"
"pediatric,¬™‰Θ‚Μ"
"dentistry,•‰Θ"
"tentative,b’θ‚Μ"
"shortly,‚ά‚ΰ‚Θ‚­"
"plenty,‚½‚­‚³‚ρ"
"checkup,f"
"sizable,‘“–‘ε‚«‚ΘA‚©‚Θ‚θ‘½‚­‚Μ"
"cavity,‹σ“΄C’•"
"oral,ϋ“‚ΜCϋ‚Μ"
"stream,—¬‚κ"
"hygiene,‰q¶"
"cultivate,‚πkμ‚·‚ιC‚πΝ”|‚·‚ι"
"wan,‚Μ‹C‚Μ‚Θ‚Ά"
"enroll,“όw‚·‚ι"
"prerequisite,‘O’ρπ"
"afford,‚Μ—]—T‚‚ ‚ι"
"terrible,‚Π‚Η‚ΆC•s‰υ‚Θ"
"dormitory,—Ύ"
"superb,©–‚Θ"
"desire,θ–]^‚π‹­‚­–]‚ή"
"glowing,”’”M‚µ‚½A^‚ΑΤ‚Ιn‚µ‚½"
"establishment,έ—§"
"carpenter,‘εH"
"punctual,Τµη‚Μ"
"spelling,’Τ‚θ"
"acknowledged,”F‚ί‚½"
"favor,eΨ‚ΘsΧ"
"favorable,D‚ά‚µ‚Ά"
"slight,‚©‚·‚©‚Θ"
"virus,ƒEƒCƒ‹ƒX"
"prediction,—\‘"
"considerably,‚©‚Θ‚θ"
"investigate,‚π’²Έ‚·‚ι"
"achievement,’B¬"
"proximity,‹ί‚³C‹ίΪ"
"seldom,‚ί‚Α‚½‚Ι‚µ‚Θ‚Ά"
"unveil,³‘Μ‚π»‚·"
"hedge,_C–h~τ"
"urban,“s‰ο‚ΜC“ss‚Μ"
"commissioned,Ο‘υ‚³‚κ‚½"
"eventually,ΕI“I‚Ι‚Ν"
"interfere,±Β‚·‚ιC‘jQ‚·‚ι"
"clarity,–Ύ‰υ‚³"
"conversion,•Ο·"
"faulty,‡“_‚Μ‚ ‚ι"
"lend,‘έ‚·"
"sue,‘i‚¦‚ι"
"discourage,‚π‚‚Α‚©‚θ‚³‚Ή‚ι"
"sink,’Ύ‚ή"
"chronicle,”N‘γ‹L"
"hereby,‚±‚±‚Ι"
"occupation,E‹Ζ"
"conflict,‘Ξ—§C‘‚Ά"
"authentic,–{•¨‚Μ"
"spectacular,‘sΟ‚Θ"
"attribute,‚Ι‹A‚·‚ι"
"identical,‘S‚­“―‚¶"
"concrete,‹ο‘Μ“I‚Θ"
"crane,’ί"
"harmonize,’²a‚³‚Ή‚ι"
"complement,•β‘«•¨"
"weigh,‚Μd‚³‚‚ ‚ι"
"vacated,‹σ‚Ά‚½"
"barn,”[‰®"
"fertilizer,”μ—Ώ"
"home appliances,‰Ζ“d"
"garbage,¶ƒSƒ~C‚­‚Έ"
"decor,‘•ό"
"reassurance,ΐSCΔ•ΫΨ"
"versatile,‘½Λ‚ΘC‘½–Ϊ“I‚Ιg‚¦‚ι"
"portable,g‘Ρ‚Ε‚«‚ι"
"exceptionally,—αO“I‚Ι"
"slightly,‚ν‚Έ‚©‚Ι"
"inaugurate,A”C‚³‚Ή‚ι"
"as a consequence,‹‰Κ‚Ζ‚µ‚Δ"
"proposition,’ρΔCε’£"
"vanguard,‘O‰q"
"spoilage,•…”sC‘Ή•¨"
"measure,‘[’uC‘‚ι‚ΰ‚Μ^‚π‘‚ι"
"objection,Ω‹c"
"biographyD,“`‹L"
"fortunate,K‰^‚Θ"
"readable,“Η‚έ‚β‚·‚Ά"
"disposal,”pό"
"initial,“–‰‚Μ"
"supplementary,•β‘«‚ΜC•t^‚Μ"
"consequential,d‘ε‚ΘC•K‘R‚Μ"
"persistent,‹C‹­‚Ά"
"cooperative,‹¦—Ν“I‚Θ"
"excerpt,”²"
"precise,³m‚Θ"
"deducted,·‚µψ‚©‚κ‚½"
"settle,‚π’…‚³‚Ή‚ιC—‚Ώ’…‚­"
"entirely,®‘S‚ΙC‘S‚­"
"numerous,‘½”‚Μ"
"blank,”’†‚Μ"
"vacancy,‡υC‹σ‚«"
"substitute,‘γ‘Φ‚·‚ι"
"willingness,Σ—~"
"abstract,’Ϋ“I‚Θ"
"vastness,L‘ε‚³"
"critically,”α”»“I‚ΙCλ‚Θ‚­"
"in house,Π“ΰ‚ΕC‘gD“ΰ‚Ε"
"attorney,•Ωμm"
"counsel,•ΎC‘’kC•Ωμm"
"representation,•\»"
"stable,ΐ’θ‚µ‚½"
"edit,•W‚·‚ι"
"absolutely,β‘Ξ‚Ι"
"resurfaced,Δ•‚γ‚µ‚½"
"scale,‹K–Ν"
"courtecy,—η‹V"
"dissatisfaction,•s–"
"proportion,”δ—¦C„‡"
"accessible,s‚«‚β‚·‚Ά"
"trail,’Κ‚Α‚½ΥC‚Ε‚±‚Ϊ‚±“Ή"
"pale,Β‚΄‚ί‚½"
"amber,ΰζΰί"
"subtotal,¬v"
"tableware,Hν"
"retain,‚π•Ϋ‚·‚ι"
"unanticipated,—\ϊ‚µ‚Δ‚Ά‚Θ‚Ά"
"clerical,––±E‚Μ"
"lift,‚Ώ‚ ‚°‚ι"
"evaluation,•]‰Ώ"
"extent,’φ“x"
"enthusiastically,”M‹¶“I‚Ι"
"admit,‚π”F‚ί‚ι"
"worsen,«‰»‚³‚Ή‚ι"
"violation,α”½"
"acknowledge,‚Μ‘¶έm³‚µ‚³n‚π”F‚ί‚ι"
"casual,‰½‹C‚Θ‚Ά"
"continual,p‘±“I‚Θ"
"modification,•Ο`"
"enclosure,•οΝ"
"inner,“ΰ•”‚Μ"
"repeatedly,J‚θ•Τ‚µ"
"carting,”z‘VCH–’ρ‹"
"unsubscribe,‘ή‰ο‚·‚ι"
"be willing to,‚Ά‚Ζ‚ν‚Θ‚ΆC‚β‚Τ‚³‚©‚Ε‚Θ‚Ά"
"meantime,‡Τ"
"hard-to-reach,“’B‚·‚ι‚Μ‚“ο‚µ‚Ά"
"routinely,“ϊν“I‚Ι"
"customer-satisfaction,Ϊ‹q–‘«"
"removal,‹"
"plumbing,”zΗH–"
"appeal,‘i‚¦‚ι"
"fusion,—Z‡C—n‰π"
"crescent,O“ϊ"
"eatery,H“°"
"flair,Λ”\C¨"
"heritage,βY"
"diner,ΘΥH“°"
"giveaway,i•iC–³—ΏƒTƒ“ƒvƒ‹"
"occasional,ά‚Μ"
"editorial,•W‚Μ"
"inflate,–c‚η‚ά‚Ή‚ι"
"transferrable,Ϊ‚·‚±‚Ζ‚Μ‚Ε‚«‚ι"
"family-owned,‰Ζ‘°o‰c‚Μ"
"lasting,‰i‘±“I‚Θ"
"entertain,‚πy‚µ‚ά‚Ή‚ι"
"portray,•`‚­"
"respectivelyD,‚»‚κ‚Ό‚κ"
"cruise,„q‚·‚ι"
"involved,Φ—^‚µ‚½"
"trustee,σ‘υ"
"Venus,‹ΰ―"
"leisure,—]‰Ι"
"secure,‚πm•Ϋ‚·‚ιC‚πΐ‘S‚Ι‚·‚ι^‚δ‚ι‚¬‚Θ‚Ά"
"umbrella,‚©‚³"
"exactly,³mmµ–§n‚ΙC‚Ώ‚ε‚¤‚Η"
"legendary,“`ΰ‚Μ"
"consist,¬‚θ—§‚ΒC‘¶έ‚·‚ι"
"leash,‚Π‚ΰA‚­‚³‚θ"
"embarked,ζ‚θo‚µ‚½"
"equally,“―“™‚Ι"
"composition,\¬Cy‹Θ"
"drastically,€“I‚Ι"
"injury,‚―‚"
"rift,Ψ‚κ–Ϊ"
"practically,ΐΏ“I‚ΙC‚Ω‚Ζ‚ρ‚Η"
"prudent,—pS[‚Ά"
"aim,‚Λ‚η‚Ά‚π‚Β‚―‚ι^–Ϊ“I"
"relevance,ΦA«"
"sensation,΄o"
"emphasis,‹­’²"
"initially,Ε‰‚Ι"
"generally,κ”Κ“I‚Ι"
"variation,•Ο‰»A•Ο“®"
"impression,σΫ"
"nowhere,‚Η‚±‚Ι‚ΰ"
"optimize,Ε“K‰»‚·‚ι"
"optimum,Ε“K‚Μ"
"strengthen,‚π‹­‰»‚·‚ι"
"territory,’nζ"
"staircase,K’i"
"disclose,J¦‚·‚ι"
"bride,‰Τ‰Ε"
"abundant,–L•x‚Θ"
"striking,σΫ“I‚Θ"
"ultimately,ΕI“I‚Ι"
"atlantic,‘εΌ—m‚Μ"
"signiflcantly,’‚µ‚­"
"last,‘±‚·‚ι"
"abundance,–L•x‚³"
"prime,ε—v‚ΘCΕd—v‚Μ"
"cost-effective,”ο—p‘Ξψ‰Κ‚Μ‚‚Ά"
"corresponding,κ’v‚·‚ι"
"emblem,Ϋ’¥"
"gala,Υ‚θ"
"breakdown,–ΎΧC“ΰ–σ"
"enthusiasm,ξ”MC”MΣ"
"top-of-the-line,κό‹‰‚Μ"
"superiority,—D‰z“_"
"awkward,‚¬‚±‚Ώ‚Θ‚Ά"
"decent,‚ά‚Ζ‚ΰ‚Θ"
"criticism,”α”»"
"summarize,‚ά‚Ζ‚ί‚ι"
"unavoidable,”π‚―‚η‚κ‚Θ‚Ά"
"circumstance,–ξ"
"usability,g‚Ά‚β‚·‚³"
"noticeable,–Ϊ—§‚Β"
"cast,“‚°‚ι"
"exert,sg‚·‚ι"
"impossible,•s‰Β”\‚ΘC‚Ύ‚ί‚Θ"
"envelope,••“›"
"predict,‚π—\‘z‚·‚ιC‚π—\‘‚·‚ι"
"approximate,‚¨‚ζ‚»‚Μ"
"angular,p‚Μ‚ ‚ιCp“x‚Μ‚ ‚ι"
"stimulating,hƒ“I‚Θ"
"demolition,‰π‘Μ"
"reasoning,„_"
"essentially,–{Ώ“I‚Ι"
"utterly,‘S‚­C‘S‘R"
"precision,³m‚³"
"punctuality,Τµη"
"crucial,d—v‚Θ"
"trait,“Α«C“Α’¥"
"investigation,’²Έ"
"mystery,_”ι“I‚Θ"
"default,Β–±•s—s"
"massive,‹‘ε‚ΘC‘ε‹K–Ν‚Θ"
"liberty,©—R"
"manageable,µ‚Ά‚β‚·‚Ά"
"assurance,•ΫΨ"
"delicate,”χ–­‚ΘC‘@Χ‚Θ"
"complication,•΅G‚³A¬—"
"complicated,•΅G‚Θ"
"complicate,•΅G‚Ι‚·‚ι"
"afiix,“Y•t‚·‚ιC“Y‚¦‚ι"
"justification,³“–‰»"
"subsequent,‚»‚Μ‚Μ"
"withstand,‘Ο‚¦‚ι"
"equator,Τ“Ή"
"spokesman,‘γ•Ω"
"tolerable,‘Ο‚¦‚η‚κ‚ι"
"tolerate,‘Ο‚¦‚ι"
"rainfall,‰J—ΚC~‰J"
"diversification,‘½—l‰»"
"shady,‰A‚Ι‚Θ‚Α‚½"
"waterproof,–h…‚Μ"
"rapidly,‘f‘‚­"
"landfill,–„‚ί—§‚Δ"
"prompted,‘£‚µ‚½"
"pursue,‚π’Η‚Ά‹‚ί‚ι"
"sanitary,‰q¶“I‚Θ"
"script,‘δ–{"
"aloud,Ί‚Ιo‚µ‚Δ"
"foray,•sΣ‘Ε‚Ώ"
"solely,’P“Ζ‚Ε"
"extract,’o‚·‚ι"
"nourish,—{‚¤"
"combination,‘g‚έ‡‚ν‚Ή"
"logical,_—“I‚Θ"
"lay,‚π‰΅‚½‚¦‚ι"
"drain,”ro‚³‚Ή‚ι"
"flatten,•½‚η‚Ι‚·‚ι"
"suspect,‚π‹^‚¤"
"amateur,‘fl"
"journal,“ϊA“ϊ‹L"
"esteem,‘Έd‚·‚ι"
"nomination,w–Ό"
"archive,‹L^•ΫΗκ"
"forum,φJ“Ά_‰ο"
"integration,“‡"
"petrol,ƒKƒ\ƒƒ“"
"waiver,–ΖCό "
"compatible,έ·«‚Μ‚ ‚ι"
"lag,’x‚κ‚ι"
"conserve,•Ϋ‘¶‚·‚ι"
"adjustment,’²®"
"unplug,”²‚­"
"typical,“T^“I‚Θ"
"rid,ζ‚θ‚­"
"tightly,‚µ‚Α‚©‚θ‚Ζ"
"proprietor,—L"
"transit,ζ‚θp‚¬"
"adopt,‚π©•‚Μ‚ΰ‚Μ‚Ι‚·‚ι"
"importantly,d—v‚Θ‚±‚Ζ‚Ι"
"textile,D•¨‚Μ"
"tradition,“`“"
"wearability,‘•’…«"
"handcrafted,θμ‚θ‚Μ"
"garment,ί•"
"acquaintance,’m‚θ‡‚Ά"
"sharpen,¤‚®Cλ‚η‚Ή‚ι"
"workday,•½“ϊ"
"intrigued,‹»–΅‚π‚»‚»‚η‚κ‚ι"
"remarked,q‚Χ‚½CΎ‚Α‚½"
"define,‚ΜΣ–΅‚π–Ύm‚Ιq‚Χ‚ι"
"industry-wide,‹ΖE‘S‘Μ‚Μ"
"undergo,‚πo±‚·‚ι"
"haul,‰^”ΐ‚·‚ι"
"legally,‡–@“I‚Ι"
"rough,‚²‚Β‚²‚Β‚µ‚½C‘e‚ΆC‘εG”c‚Θ"
"fastened,Ε’θ‚µ‚½"
"prohibited,‹Φ~‚³‚κ‚½"
"allowance,θ“–"
"day-to-day,“ϊX‚ΜC–“ϊ‚Μ"
"conservatively,•Ϋη“I‚Ι"
"unpublished,–Ά”­•\‚Μ"
"intense,ƒ‚µ‚Ά"
"discover,”­©‚·‚ι"
"discovery,”­©"
"distinguish,‚π‹ζ•Κ‚·‚ι"
"persuade,ΰ“Ύ‚·‚ι"
"alter,‚π•Ο‚¦‚ι"
"supposedly,‚½‚Τ‚ρ"
"empower,—Ν‚π—^‚¦‚ι"
"preceding,‘Oq‚ΜCζs‚µ‚Δ‚Ά‚ι"
"deserving,’l‚·‚ι"
"impress,‚Ι΄–Α‚π—^‚¦‚ι"
"breathtaking,‘§‚π‚Μ‚ή‚ζ‚¤‚Θ"
"introduction,Π‰ξC“±“ό"
"furthermore,‚»‚Μγ‚Ι"
"translation,–|–σ"
"somewhat,‚Ά‚­‚Τ‚ρ"
"ease,—eΥ‚³"
"entail,”Ί‚¤"
"readability,“Η‚έ‚β‚·‚³"
"biweekly,uT‚Μ"
"enforcement,·s"
"rural,“cΙ‚Μ"
"grain,’•¨"
"soak,Z‚·"
"exposure,–\I"
"fading,‘ζ‚ΙΑ‚¦‚Δ‚Ά‚­"
"cutting-edge,Εζ’[‚Μ"
"joint,p‚¬–Ϊ"
"approximately,‚¨‚¨‚ζ‚»"
"square,³•ϋ`"
"exterior,OΟ"
"sufficient,\•‚Θ"
"adjacent,—ΧΪ‚µ‚Δ‚Ά‚ι"
"insulated,β‰‚³‚κ‚½"
"combat,ν“¬"
"adequately,“KΨ‚Ι"
"enlarge,g‘ε‚·‚ι"
"satisfactory,–‘«‚Μ‚Ά‚­"
"transport,‚π—A‘—‚·‚ι^—A‘—"
"consumption,Α”ο"
"recover,‰ρ•‚·‚ι"
"bold,—EΈ‚Θ"
"flagship,ψΝ"
"flavor,•—–΅"
"step,‘«³CK’i"
"evidence,Ψ‹’"
"duration,‘±Τ"
"exclusively,”r‘Ό“I‚Ι"
"lively,‚Ι‚¬‚β‚©‚Θ"
"incorporate,‡‘Μ‚³‚Ή‚ι"
"sympathize,“―ξ‚·‚ι"
"sentiment,΄ξ"
"negative,”Ϋ’θ‚ΜC”ίΟ“I‚Θ"
"meticulously,ΧS‚Μ’Σ‚π•¥‚Α‚Δ"
"diagnose,f’f‚·‚ι"
"treat,‚πµ‚¤"
"emission,”ro"
"modify,C³‚·‚ι"
"constructive,έ“I‚Θ"
"construct,‚π‘g‚έ—§‚Δ‚ιC‚π‘Ά‚·‚ι"
"somewhere,‚Η‚±‚©"
"proficiency,n’B"
"questionable,‹^‚ν‚µ‚Ά"
"assume,‚π‘z’θ‚·‚ιC‚Ζ‚έ‚Θ‚·"
"pleasure,y‚µ‚έCμ‚Ρ"
"instruct,w¦‚·‚ι"
"copyright,’μ "
"dietary,H–‚Μ"
"formerly,Θ‘O‚Ν"
"obstacle,αQ"
"examination,±"
"sleek,‚Θ‚ί‚η‚©‚Θ"
"fortunately,K‚Ά‚Ι‚ΰ"
"capable,‰Β”\«‚‚ ‚ιC‚µ‚©‚Λ‚Θ‚ΆC—L”\‚Θ"
"susceptible,‰e‹Ώ‚πσ‚―‚β‚·‚Ά‚Ε‚·"
"disabled,αQ‚Μ‚ ‚ι"
"floor-to-ceiling,°‚©‚η“Vδ‚ά‚Ε"
"appetizer,‘OΨ"
"leak,R‚κ‚ι"
"insulation,β‰"
"mainstream,ε—¬"
"perennial,κ”N’†‘±‚­"
"passion,”M–]C‹­‚ΆΦS"
"aptitude,“K«"
"translate,‚π–|–σ‚·‚ι"
"fare,‰^’ΐ"
"fragile,‚ΰ‚λ‚Ά"
"era,‘γ"
"vacant,‹σ‚Α‚Ϋ‚Μ"
"distinctive,“Α—L‚Μ"
"aesthetic,”ό“I‚Θ"
"consequently,‚»‚Μ‹‰Κ"
"on-time,’θ‚Μ"
"cheque,¬Ψθ"
"fault,‡“_C‰ίΈ"
"pledge,Ύ–ρ"
"wrap,•ο‚ή"
"stack,Ο‚έd‚Λ‚ι"
"advocate,’ρ¥‚·‚ι"
"brilliant,‚·‚Ξ‚η‚µ‚Ά"
"funny,‚¨‚©‚µ‚Θ"
"herb,–ς‘"
"compensate,•β‚·‚ι"
"forthcoming,΅γ‚Μ"
"lifelong,κ¶‚Μ"
"pitfall,—‚Ζ‚µ"
"honest,³’Ό‚Θ"
"facilitator,is–π"
"swiftly,‘f‘‚­"
"rigidly,µ‚µ‚­"
"simmer,Ο‚ι"
"suburban,xO‚Μ"
"prototype,μ•i"
"force,—Ν^‚π‹­§‚·‚ι"
"ambassador,‘εg"
"compost,¬‡•¨"
"consideration,l—¶"
"excess,‰ί‚¬‚ι"
"synthetic,“‡“I‚Θ"
"vulnerable,‚Β‚«‚β‚·‚Ά"
"mandatory,‹­§“I‚Θ"
"exceed,’΄‚¦‚ι"
"arms,•νC•Ίν"
"severe,µ‚µ‚Ά"
"wilt,‚µ‚¨‚κ‚ι"
"ignore,‚π–³‹‚·‚ι"
"generosity,°‘ε‚³"
"endeavor,“w—Ν"
"alongside,‚Ζκ‚Ι"
"engaged,]–‚µ‚Δ‚Ά‚ιC¥–ρ‚µ‚Δ‚Ά‚ι"
"luxury,ζ‘ςCζ‘ς•i/ζ‘ς‚Θ"
"coalition,A—§AA‡"
"sequence,A‘±AA½"
"companion,A‚κC’‡Τ"
"inferior,—ς‚Α‚½"
"polite,—η‹V³‚µ‚Ά"
"similarity,—ή—i“_j"
"legislation,—§–@"
"divorce,—£¥"
"rational,—«“I‚Θ"
"element,—v‘f"
"insist,—v‹‚·‚ιCε’£‚·‚ι"
"factor,—vφC—v‘f"
"melt,—n‚―‚ιC‚π—n‚©‚·"
"infant,—c™"
"guilty,—Lί‚Μ"
"harmful,—LQ‚Θ"
"courage,—E‹C"
"remarkable,–Ϊ—§‚Α‚½C°’‚Θ"
"fur,–Ρ”η"
"dull,–Κ”’‚έ‚Μ‚Θ‚ΆC“έ‚Ά"
"definite,–Ύm‚Θ"
"evident,–Ύ‚η‚©‚Θ"
"ambition,–²C‘ε–]"
"democratic,–―εε‹`‚ΜC–―ε“I‚Θ"
"democracy,–―εε‹`"
"genuine,–{•¨‚ΜC‹U‚θ‚Μ‚Θ‚Ά"
"instinct,–{”\"
"cheek,–j"
"desirable,–]‚ά‚µ‚Ά"
"assault,–\s"
"dialect,•ϋΎC‚Θ‚ά‚θ"
"collapse,•φ‰σ‚·‚ι"
"treasure,•σCΰ•σ"
"grave,•ζ^[‚Θ"
"odd,•Ο‚ΘCο”‚Μ"
"equality,•½“™‚³"
"civilization,•¶–Ύ"
"literally,•¶’Κ‚θ‚Ι"
"literary,•¶w‚Μ"
"literature,•¶w"
"atmosphere,•µΝ‹C"
"sensible,••Κm”»’f—Νn‚‚ ‚ι"
"physics,•¨—w"
"object,•¨‘ΜC‘ΞΫC–Ϊ“I^”½‘Ξ‚·‚ι"
"substance,•¨ΏCΐ‘Μ"
"complexity,•΅G‚³"
"narrow,•‚‹·‚Ά"
"tribe,•”‘°C•”‘ΰ"
"float,•‚‚©‚Τ"
"universal,••Υ“I‚ΘC–‘m–ln‹¤’Κ‚Μ"
"extraordinary,•’Κ‚Ε‚Θ‚ΆC•ΐ‚Ν‚Έ‚κ‚½"
"disadvantage,•s—Cƒfƒƒƒbƒg"
"unpleasant,•s–ω‰υ‚Θ"
"recession,•s‹µCi‹Cγ‘ή"
"disease,•a‹C"
"necessarily,•K‘R“I‚Ι"
"subtle,”χ–­‚Θ"
"tremendous,”ρν‚Ι‘ε‚«‚Θ"
"enormous,”ρν‚Ι‘ε‚«‚Ά"
"inevitable,”π‚―‚η‚κ‚Θ‚Ά"
"tragedy,”ί€"
"crime,”Ζί"
"opposite,”½‘Ξ‚Μ^‚Ζ”½‘Ξ‘¤‚Μ"
"contrary,”½‘Ξ‚Μ"
"pronunciation,”­‰Ή"
"explosion,””­"
"lung,”x"
"silly,”n­‚Θ"
"stupid,”n­‚Θ"
"burst,”j—τ‚·‚ιC‚π”j—τ‚³‚Ή‚ι"
"destruction,”j‰σ"
"pregnant,”DP‚µ‚½"
"independence,“Ζ—§C©—§"
"correspondent,“Α”hυ"
"privilege,“Α "
"virtue,“ΏC”ό“ΏC’·"
"debate,“Ά_"
"equivalent,“™‚µ‚ΆC“―“™‚Μ"
"foundation,“y‘δC‹’Cέ—§"
"genius,“VΛ"
"philosophy,“Nw"
"conclude,’χ‚ί‚­‚­‚ιC‚Ζ‚Ά‚¤‹_‚π‰Ί‚·"
"mortgage,’ο“–"
"definition,’θ‹`"
"pursuit,’ΗΥC’Η‹"
"wage,’ΐ‹ΰ"
"harmony,’²a"
"compound,’²‡‚·‚ι"
"tide,’C•—’"
"shame,’pC•s–Ό—_Cc”O‚Θ‚±‚Ζ"
"intelligent,’m”\‚Μ‚‚Ά"
"intellectual,’m“I‚ΘC’m«‚Μ"
"carbon,’Y‘f"
"merely,’P‚Ι"
"principal,‘ζκ‚ΜCε—v‚Θ^Z’·Cw’·"
"presidential,‘ε“—Μ‚Μ"
"majority,‘ε‘½”C‘ε”Ό"
"yell,‘εΊ‚πγ‚°‚ι"
"roughly,‘εG”c‚Ι"
"contrast,‘ΞΖ"
"cope,‘Ξ‚·‚ι"
"compromise,‘Γ‹¦"
"funeral,‘’®"
"opponent,‘θ"
"ancestor,‘cζ"
"prejudice,ζ“όΟC•Ξ©"
"extinction,β–Ε"
"absolute,β‘Ξ“I‚ΘC®‘S‚Θ"
"constant,β‚¦Τ‚Θ‚Ά"
"keen,Ψ–]‚µ‚½C”MΣ‚Μ‚ ‚ι"
"deficit,Τ"
"spiritual,Έ_‚ΜCΈ_“I‚Θ"
"biological,¶•¨wγ‚Μ"
"raw,¶‚ΜC΄—Ώ‚Μ‚ά‚ά‚Μ"
"precisely,³m‚Ι"
"regime,­ "
"mature,¬n‚µ‚½"
"racial,lν‚Μ"
"evolve,i‰»‚·‚ι"
"evolution,i‰»Ci“W"
"intimate,e–§‚Θ"
"myth,_b"
"profound,[‚ΆC‘ε‚«‚Θ"
"behave,U‚ι•‘‚¤"
"psychologist,S—w"
"anxiety,S”zC•sΐ"
"uncomfortable,S’n‚Μ«‚Ά"
"appetite,H—~"
"profession,E‹Ζ"
"colony,A–―’n"
"passenger,ζ‹q"
"impulse,Υ“®"
"symptom,Ησ"
"minority,­””h"
"merchant,¤l"
"elementary,‰•ΰ‚ΜCξ–{‚Μ"
"burden,d‰ΧC•‰’S"
"conventional,]—‚Μ"
"dwell,Z‚ή"
"concentrate,W’†‚·‚ι"
"amendment,C³"
"religion,@‹³"
"crop,ϋn•¨"
"harvest,ϋn^‚πϋn‚·‚ι"
"sort,ν—ή"
"elaborate,θ‚Μ‚ρ‚Ύ"
"clue,θ‚‚©‚θ"
"society,Π‰ο"
"experiment,ΐ±"
"rude,Έ—η‚Θ"
"unemployment,Έ‹Ζ"
"confidence,©MCM—"
"suicide,©E"
"occasionally,ά"
"affair,–•ΏCo—–"
"attempt,‚έ^‚π‚έ‚ι"
"servant,g—plC‚¨θ“`‚Ά"
"task,d–Cμ‹Ζ"
"acid,_"
"disaster,ΠQ"
"supreme,Ε‚‚Μ"
"desert,»”™^‚π—§‚Ώ‹‚ι"
"confusion,¬—"
"insect,©’"
"sum,‡v"
"suburb,xO"
"conduct,sΧ^‚πs‚¤"
"voyage,qC"
"attitude,l‚¦•ϋC‘Τ“x"
"emperor,c’ιC“Vc"
"widespread,L”ΝΝ‚Ι“n‚ι"
"spread,L‚‚ιC‚πL‚°‚ι"
"curious,DοS‚‹­‚Ά"
"curiosity,DοS"
"ray,υό"
"vocabulary,κ‚Ά"
"latter,γ‚Μ"
"deliberately,ΜΣ‚Ι"
"solid,Ε‚Ά^Ε‘Μ"
"tongue,Ύ—tCγ"
"phenomenon,»Ϋ"
"emerge,»‚κ‚ι"
"diminish,Έ‚ιC‚πΈ‚η‚·"
"strict,µ‚µ‚ΆCµ–§‚Θ"
"atomic,΄q‚ΜC΄q—Ν‚Μ"
"primitive,΄n“I‚Θ"
"stranger,©’m‚η‚ΚlCi‚ ‚ικ‚Ιj‰‚ί‚Δ—‚½l"
"invisible,©‚¦‚Θ‚Ά"
"conclusion,‹_"
"outcome,‹‰Κ"
"suffer,‹κ‚µ‚ήC‚π³‚¤"
"distinction,‹ζ•ΚCα‚Ά"
"ban,‹Φ~‚·‚ι"
"extreme,‹Ι’[‚Θ"
"republic,‹¤a‘"
"communist,‹¤Yε‹`"
"ultimate,‹†‹Ι‚Μ"
"undoubtedly,‹^‚Ά‚Θ‚­"
"victim,‹]µ"
"sacrifice,‹]µ^‚π‹]µ‚Ι‚·‚ι"
"ritual,‹V®"
"hunger,‹Q‚¦C‹σ• "
"arise,‹N‚±‚ιC¶‚¶‚ι"
"originate,‹N‚±‚ιC¶‚¶‚ι"
"precious,‹Md‚Θ"
"pray,‹F‚ι"
"upset,‹C‚Ώ‚“®—h‚µ‚½^‚ΜS‚π‚©‚«—‚·"
"climate,‹Cσ"
"strange,ο–­‚ΘC©’m‚η‚Κ"
"peculiar,ο–­‚Θ"
"fundamental,ξ–{“I‚ΘC–{“I‚Θ"
"crisis,λ‹@"
"observation,Ο@"
"plain,Θ‘f‚ΘC–³’n‚Μ^‚΄"
"infection,΄υ"
"altogether,®‘S‚Ι"
"scholar,w"
"revolution,v–½"
"indeed,m‚©‚Ι"
"nuclear,j‚Μ"
"apparent,O©γ‚ΜC–Ύ‚η‚©‚Θ"
"class,K‹‰C“™‹‰Cφ‹ΖCw‹‰"
"interpretation,‰πί"
"science,‰Θw"
"unlikely,‰Β”\«‚’α‚Ά"
"tone,‰ΉC‰ΉFCiΊE‚±‚Ζ‚Ξ‚Μj’²qC"
"distant,‰“‚­—£‚κ‚½"
"fate,‰^–½"
"fortune,‰^CΰY"
"meanwhile,κ•ϋ‚Ε"
"disagree,κ’v‚µ‚Θ‚Ά"
"gene,β“`q"
"illegal,α–@‚Μ"
"immigrant,Ϊ–―"
"conscious,Σ―‚µ‚ΔC‹C‚Γ‚Ά‚Δ"
"dignity,ΠµC‘Έµ"
"dependent,Λ‘¶‚µ‚Δ‚Ά‚ι"
"treatment,µ‚ΆC’uC΅—Γ"
"overwhelming,³“|“I‚Θ"
"affection,¤ξC¤’…"
"struggle,‚ΰ‚‚«‹κ‚µ‚ή"
"blink,‚ά‚Ξ‚½‚«‚π‚·‚ι^‚ά‚Ξ‚½‚«"
"cave,‚Ω‚η"
"wander,‚Τ‚η‚Β‚­C•ϊQ‚·‚ι"
"string,‚Π‚ΰA…"
"awful,‚Π‚Η‚Ά"
"grin,•‚π©‚Ή‚ΔΞ‚¤"
"strain,’£‚ι"
"distinct,‚Ν‚Α‚«‚θΩ‚Θ‚ι"
"throat,‚Μ‚Η"
"bid,“όD‚·‚ι"
"refugee,“ο–―"
"fellow,’‡ΤA“―m"
"bang,ƒhƒ“ƒhƒ“’@‚­"
"peer,“―—»A’‡Τ"
"voter,“•["
"somehow,‚Η‚¤‚Ι‚©"
"palm,θ‚Μ‚Π‚η"
"governor,’m–A’·―"
"mere,’P‚Θ‚ι"
"sigh,‚½‚ί‘§‚π‚Β‚­"
"embrace,•ψ‚«‚µ‚ί‚ι"
"tissue,‘gDA”–¦"
"pupil,¶“k"
"readily,‚·‚®‚Ι"
"senator,γ‰@‹cυ"
"senate,γ‰@"
"surgery,θp"
"province,BAΘ"
"gaze,‚¶‚Α‚Ζ©‚Β‚ί‚ι"
"discipline,‚µ‚Β‚―C‹K—¥"
"fade,‘ζ‚ΙΑ‚¦‚ι"
"cling,‚µ‚‚έ‚Β‚­CΕ·‚·‚ι"
"whisper,‚³‚³‚β‚­"
"proverb,‚±‚Ζ‚ν‚΄"
"verbal,‚±‚Ζ‚Ξ‚ΜCϋ“‚Ε‚Μ"
"remark,‚±‚Ζ‚ΞC΄‘z^‚Ύ‚Ζq‚Χ‚ι"
"tiny,‚²‚­¬‚³‚Ά"
"traffic jam,π’Κa‘Ψ"
"wound,"
"parliament,‹c‰οA‰Ί‰@"
"barely,‚©‚λ‚¤‚¶‚Δ"
"fairly,‚©‚Θ‚θCφ•½‚Ι"
"rather,‚©‚Θ‚θ"
"multiple,|‚―Z‚·‚ι"
"stir,‚©‚«‰ρ‚·"
"regardless,‚©‚©‚ν‚η‚ΈCΦW‚Θ‚­"
"bow,‚¨«‹V‚π‚·‚ι^‚¨«‹V"
"so-called,‚Ά‚ν‚δ‚ι"
"commissioner,ΟυA—–"
"avenue,’Κ‚θC‘ε’Κ‚θ"
"relieve,a‚η‚°‚ιC‚©‚ηζ‚θ‚­"
"depress,—’_‚³‚Ή‚ι"
"suppress,—}‚¦‚ι"
"imitate,–Ν•ν‚·‚ι"
"expose,–Ύ‚η‚©‚Ι‚·‚ιC‚π‚³‚η‚·"
"reveal,–Ύ‚η‚©‚Ι‚·‚ι"
"fascinate,–£—Ή‚·‚ι"
"bury,–„‚ί‚ι"
"convert,•Ο‚¦‚ιC•Ο‚ν‚ι"
"divide,•„‚·‚ι"
"accuse,”ρ“οC”­‚·‚ι"
"exhaust,”ζ‚κ‰Κ‚Δ‚³‚Ή‚ι"
"criticize,”α”»‚·‚ι"
"deny,”Ϋ’θ‚·‚ι"
"bind,”›‚θ‚Β‚―‚ι"
"govern,“΅‚·‚ι"
"convey,“`‚¦‚ιC‚π‰^‚Τ"
"confront,’Ό–Κ‚³‚Ή‚ι"
"embarrass,’p‚Έ‚©‚µ‚‚η‚Ή‚ι"
"perceive,’mo‚·‚ι"
"ruin,‘δ–³‚µ‚Ι‚·‚ι"
"spoil,‘Κ–Ϊ‚Ι‚·‚ι"
"sweep,‘|‚­C‚π‘|‚­‚ζ‚¤‚Ι“®‚©‚·"
"declare,ιΎ‚·‚ι"
"occupy,θ‚ί‚ιC‚πθ—Μ‚·‚ι"
"accomplish,¬‚µ‹‚°‚ι"
"restrict,§ΐ‚·‚ι"
"admire,ά^‚·‚ι"
"consume,Α”ο‚·‚ι"
"possess,—L‚·‚ι"
"surround,ζ‚θΝ‚ή"
"abandon,Μ‚Δ‹‚ι"
"cure,΅—Γ‚·‚ι"
"dominate,x”z‚·‚ι"
"overcome,•‚·‚ι"
"devise,l‚¦o‚·"
"constitute,\¬‚·‚ι"
"beg,‚πξ‚¤"
"inspire,Ϋ•‘‚·‚ι"
"isolate,Η—§‚³‚Ή‚ι"
"confine,ΐ‚ιC‚π•Β‚¶‚±‚ί‚ι"
"overlook,©—‚Ζ‚·C‚π©‰ί‚²‚·"
"bend,‹Θ‚°‚ι"
"absorb,‹zϋ‚·‚ιC‚π–v“‚³‚Ή‚ι"
"interpret,‰πί‚·‚ιC’Κ–σ‚·‚ι"
"bear,‰δ–‚·‚ι"
"impose,‚π‰Ϋ‚·"
"swallow,ω‚έ‚ή"
"derive,ψ‚«o‚·"
"cease,‚β‚ί‚ιCI‚ν‚ι"
"scatter,‚ά‚«U‚η‚·"
"astonish,‚Ρ‚Α‚­‚θ‚³‚Ή‚ι"
"hang,‚Β‚ι‚·C‚πiρY‚Ι‚·‚ι"
"grasp,‚Β‚©‚ήC‚π—‰π‚·‚ι"
"stare,‚¶‚Α‚Ζ©‚Β‚ί‚ι"
"urge,‹­‚­‘£‚·^θ–]"
"disturb,•½‰Έ‚π–W‚°‚ι"
"trace,Υm‹NΉn‚π’H‚ι^ΥC­Υ"
"neglect,Άb‚π‘Σ‚ιC‚πΘ‚έ‚Θ‚Ά"
"offend,‹C•‚πQ‚·‚ι"
"beneath,‰Ί‚Ι"
"oppose,”½‘Ξ‚·‚ι"
"convince,”[“Ύ‚³‚Ή‚ιCΰ“Ύ‚·‚ι"
"endure,‘Ο‚¦‚ι"
"encounter,‘‹φ‚·‚ι"
"argue,‚Ύ‚Ζε’£‚·‚ι"
"devote,ΤE“w—Ν‚π’‚®"
"commit,ί‚Θ‚Η‚π”Ζ‚·"
"passage,i•¶Ν‚ΜjκίC’ΚH"
"inhabitant,i‚ ‚ικ‚Μj‹ZC¶‘§“®•¨"
"blow,i‚πj‚­^‘Ε‚"
"quit,i‚πj‚β‚ί‚ι"
"reinforce,‹­‰»‚·‚ι"
"indispensable,‡‚©‚Ή‚Θ‚ΆAβ‘Ξ•K—v‚Θ"
"cutlery,Hν"
"intersection,π·“_"
"trustworthy,M—‚Ε‚«‚ιAM—p‚Ε‚«‚ι"
"afterwards,‚»‚Μγ"
"inclusive,ά‚ρ‚ΎAά‚ί‚Δ"
"occupied,g‚ν‚κ‚Δ‚Ά‚ιCθ—Μ‚³‚κ‚Δ‚Ά‚ι"
"knowledgeable,’m―–L•x‚Θ"
"considerate,v‚Ά‚β‚θ‚‚ ‚ιA—‰π‚‚ ‚ι"
"splendid,‘f°‚η‚µ‚Ά"
"doubtful,‹^‚ν‚µ‚Ά"
"proficient,¬”\‚ΘAn’B‚µ‚½"
"last-minute,ΤΫ‚Ε‚Μ"
"immense,”ρν‚Ι‘ε‚«‚ΘA‹‘ε‚Θ"
"agreeable,‰υ“K‚ΘAS’n—Η‚Ά"
"prsuasive,ΰ“Ύ—Ν‚Μ‚ ‚ι"
"noted,—L–Ό‚Θ"
"unpredictable,—\‘‚Ε‚«‚Θ‚ΆA–@O‚Θ"
"timeline,—\’θ•\"
"demanding,—v‹‚Μµ‚µ‚Ά"
"simultaneous,“―‚ΜC“―‚Ι‹N‚±‚ι"
"pilot,±“I‚Θ"
"beneficial,—L‰v‚Θ"
"freight,‰έ•¨A—A‘—A—A‘——Ώ^—A‘—‚·‚ι"
"prestigious, Π‚Μ‚ ‚ιA—_‚κ‚‚Ά"
"inactive,‘Σ‘Δ‚ΘA“®‚µ‚Δ‚Ά‚Θ‚Ά"
"neighboring,‹ί—Χ‚Μ"
"situated,Κ’u‚µ‚Δ‚Ά‚ι"
"picturesque,G‚Μ‚ζ‚¤‚Ι”ό‚µ‚Ά"
"minimal,Ε¬‚Μ"
"inclement,r‚κ–Ν—l‚ΜAµ‚µ‚Ά"
"municipal,’n•ϋ©΅‘Μ‚Μ"
"legible,”»“Η‚Ε‚«‚ι"
"exhausted,”ζ‚κΨ‚Α‚½"
"thrilled,‚Ζ‚Δ‚ΰ‚ν‚­‚ν‚­‚µ‚ΔA‘εμ‚Ρ‚µ‚½"
"allowable,‹–‚³‚κ‚ιA‹–—e‚Ε‚«‚ι^‹–—e—Κ"
"sophisticated,τ—ϋ‚³‚κ‚½A‚«”\‚Μ"
"revolutionary,v–½“I‚Θ"
"informative,—L‰v‚Θ"
"compulsory,‹`–±“I‚Θ"
"designated,w’θ‚³‚κ‚½"
"horizontal,…•½‚Μ"
"entertaining,‚¨‚ΰ‚µ‚λ‚ΆA–ω‰υ‚Θ"
"permissible,‹–—e‚³‚κ‚ιA—e”F‚Ε‚«‚ι"
"fame,–ΌΊ"
"unanimous,–κκ’v‚Μ"
"ceremonial,‹V®γ‚ΜA`®“I‚Θ"
"modest,­‚µ‚ΜA‚‰Ώ‚Ε‚Ν‚Θ‚ΆA‹•‚Θ"
"premier,Ε‚‚ΜAƒgƒbƒv‚Μ"
"embarrassing,’p‚Έ‚©‚µ‚Ά"
"dental,•‰Θ‚Μ"
"utmost,Ε‘εΐ‚ΜA‚±‚κΘγ‚Θ‚Ά"
"certified,—L‘i‚ΜAφ”F‚Μ"
"competent,—L”\‚Θ"
"vertical,‚’Ό‚Θ"
"automated,©“®‰»‚³‚κ‚½"
"distinguished,Ϋ—§‚Α‚Δ—D‚κ‚½A†o‚µ‚½"
"shorthanded,lθ‚•s‘«‚µ‚Δ"
"wasteful,–³‘Κ‚Μ‘½‚Ά"
"suited,“K”C‚Ε‚ ‚ι"
"hourly,1Τ’PΚ‚Μ"
"arbitrary,“Σ“I‚ΘA”CΣ‚Μ"
"unfavorable,”Ϋ’θ“I‚Θ"
"endangered,β–Ε‚Μλ‹@‚Ι•m‚µ‚½"
"preferable,–]‚ά‚µ‚Ά"
"negotiable,πΒ‰Β”\‚Θ"
"adverse,—Η‚­‚Θ‚ΆA•s—‚ΘA‹t‚Μ"
"beforehand,‚ ‚η‚©‚¶‚ίA–‘O‚Ι"
"concise,Θ‰‚Θ"
"steep,‘ε•‚ΘA‹}‚Θ"
"continuous,A‘±‚Μ"
"suspicious,•sR‚Θ"
"reluctant,‹C‚i‚ά‚Θ‚Ά"
"inspiring,‚β‚ι‹C‚o‚ι‚ζ‚¤‚ΘA‹C‚Γ‚―‚ι"
"regrettable,c”O‚Θ"
"countless,”‚¦Ψ‚κ‚Θ‚Ά‚Ω‚Η‚ΜA–³”‚Μ"
"adapt,“K‰‚·‚ιA“K‰‚³‚Ή‚ιA‰όμ‚·‚ι"
"intensive,W’†“I‚Θ"
"unforeseen,‘z’θO‚Μ"
"ambitious,Σ—~“I‚ΘA–μS“I‚Θ"
"strikingly,’‚µ‚­"
"aboard,‘D‚Ιζ‚Α‚Δ"
"voluntarily,©”­“I‚ΙA©ε“I‚Ι"
"independently,’P“Ζ‚ΕA“Ζ—§‚µ‚Δ"
"moderate,‚Ω‚Η‚Ω‚Η‚ΜA“K“x‚Θ"
"prominently,–Ϊ—§‚Α‚ΔA†o‚µ‚Δ"
"reportedly,“`‚¦‚η‚κ‚ι‚Ζ‚±‚λ‚Ε‚Ν"
"concentrated,W’†“I‚ΘA”Zk‚³‚κ‚½"
"informally,‚­‚Ύ‚―‚ΔA”ρφ®‚Ι"
"intentionally,Σ}“I‚Ι"
"ample,\•‚ΘA‚ ‚θ—]‚ι‚Ω‚Η‚Μ"
"given,~‚πl—¶‚·‚ι‚ΖA~‚Ζ‰Ό’θ‚·‚ι‚Ζ"
"controversial,‹c_‚πψ‚«‹N‚±‚·A‹c_‚Μ“I‚Ι‚Θ‚ι"
"instrumental,d—v‚Θ–π„‚π‰Κ‚½‚·"
"scope,”ΝΝA—]’n"
"speculation,„‘A„—Κ"
"understaffed,lθ•s‘«‚Μ"
"lumber,ή–ΨA»ή"
"commemorate,j‚¤A‹L”O‚·‚ι"
"voluntary,©ε“I‚ΘA”CΣ‚Μ"
"deprive,’D‚¤"
"dismiss,‰πΩ‚·‚ιC‘ήo‚³‚Ή‚ι"
"revert,–ί‚ι"
"oversee,Δ“Β‚·‚ι"
"discontinued,i»‘ΆE”Μ”„‚jI—Ή‚µ‚½"
"pertain,‘®‚·‚ιCY“–‚·‚ι"
"spill,‚±‚Ϊ‚·A‚±‚Ϊ‚κ‚ι"
"diversify,‘½—l‰»‚·‚ι"
"deplete,g‚Ά‰Κ‚½‚·"
"speculate,—\‘‚·‚ι"
"intervene,‰ξέ‚·‚ιAϋ‚π‚Ν‚³‚ή"
"solicit,‹‚ί‚ι"
"comprehend,—‰π‚·‚ι"
"emerging,V‚½‚Ι»‚κ‚½AV‹»‚Μ"
"scenic,’­‚ί‚‚Ά‚ΆAiF‚Μ"
"acclaimed,β^‚³‚κ‚Δ‚Ά‚ιA•]‰Ώ‚³‚κ‚½"
"concede,χ•ΰ‚·‚ι"
"delegate,Οχ‚·‚ιAΟ”C‚·‚ι"
"resistant,‘Ο‚¦‚η‚κ‚ιA’οR—Ν‚Μ‚ ‚ι"
"disseminate,•‹y‚³‚Ή‚ι"
"applaud,”θ‚·‚ι"
"resemble,—‚Δ‚Ά‚ι"
"hands-on,ΐ’n‚ΜAΐ—p“I‚Θ"
"plummet,‹}—‚·‚ι"
"conform,]‚¤Aκ’v‚·‚ι"
"entrepreneur,‹N‹Ζ‰Ζ"
"introductory,“ό–ε‚ΜAΕ‰‚ΜA‚¨‚µ‚Μ"
"dilute,”–‚ί‚ι"
"rectify,¥³‚·‚ι"
"lengthy,’·ϊ‚Ι‚ν‚½‚ιAη’·‚Θ"
"misplace,•΄Έ‚·‚ιA’u‚«–Y‚κ‚ι"
"reminisce,‰ω‚©‚µ‚ή"
"coincide,“―‚Ι‹N‚±‚ι"
"procrastinate,ζ‰„‚Ξ‚µ‚Ι‚·‚ι"
"subside,γ‚ά‚ιC’α‰Ί‚·‚ι"
"reunion,“―‘‹‰οAΔ‰ο"
"facilitate,—eΥ‚Ι‚·‚ιA‘£i‚·‚ι"
"terminate,I‚ν‚η‚Ή‚ι"
"itemize,‰Σπ‘‚«‚Ι‚·‚ιC€–Ϊ•Κ‚Ι‚·‚ι"
"outweigh,γ‰ρ‚ι"
"waive,–Ζ‚·‚ιA•ϊό‚·‚ι"
"occupancy,θ—LAθ—Ll”"
"controversy,_‘"
"coincidence,‹τ‘R"
"credentials,‘iAo—πA‘Ώ"
"oversight,©—‚Ζ‚µAθ—‚ΏAΔ‹"
"drapery,ƒJ[ƒeƒ“"
"turnaround,—§‚Δ’Ό‚µAD“]A—Τ"
"clasp,—―‚ί‹οA‹ΰ‹ο"
"pavement,•ά‘•“ΉH"
"scrutiny,–Θ–§‚Θ’²ΈA‹Γ‹"
"concession,χ•ΰ"
"apprentice,©K‚ΆAΐK¶"
"liaison,A—WA’²®"
"depression,•si‹C"
"intermission,‹xeΤ"
"amenity,βyA¶‚π•Φ—‚Ι‚·‚ι‚ΰ‚Μ"
"exclusion,O"
"momentum,¨‚Ά"
"lapse,Τα‚ΆA‚¤‚Α‚©‚θ"
"tenure,”Cϊ"
"observance,s–A‡"
"lucrative,–Χ‚©‚Α‚Δ‚Ά‚ι"
"prosperous,”Ι‰h‚µ‚Δ‚Ά‚ι"
"revival,•‚µ‚½"
"sparkle,‹P‚­"
"meantime,‚»‚ΜΤ‚Ι/‡Τ"
"subscriber,w“ΗC‰Α“ό"
"occation,κ‡C‚Ζ‚«C‹@‰ο"
"reimbursement,•ΤΟC"
"conservation,•Ϋ‘¶CΗ—CΫ"
"disassemble,•‰π‚·‚ιC‰π‘Μ‚·‚ι"
"considerable,‚©‚Θ‚θ‚Μ"
"antitrust,“Ζθ‹Φ~–@"
"alternatively,‘γ‚ν‚θ‚ΙC‚ ‚ι‚Ά‚Ν"
"strictly,µ‚µ‚­Cµ–§‚Ι"
"mutually,‘έ‚ΙC‚¨έ‚Ά‚Ι"
"mend,’Ό‚·CC³‚·‚ι"
"scarcely,‚Ω‚Ζ‚ρ‚Η‚Θ‚Ά"
"spouse,”z‹τ"
"fluid,—¬“®«‚ΜC•Ο‚ν‚θ‚β‚·‚Ά"
"scold,¶‚ιC¶Σ‚·‚ι"
"theoretical,—_γ‚Μ"
"rebuild,Δ‚·‚ιC‚Δ’Ό‚·"
"detective,’T’γCY–"
"carve,Ψ‚θ•‚―‚ιC‚ή"
"belly,• C• •”"
"counterpart,‘θC•›–{CΚ‚µ"
"sorrow,”ί‚µ‚έC”ί£"
"amid,^‚ρ’†‚Ι"
"spectacle,υiC‘sΟ"
"spite,«ΣC‚Ά‚¶‚ν‚ι"
"carbohydrate,’Y…‰»•¨"
"theology,_w"
"crawl,”‡‚¤"
"oxygen,_‘f"
"starve,‹Q‚¦‚ι"
"donor,’ρ‹Cρ‘΅"
"sticky,‚Χ‚½‚Β‚­C”S’…‚µ‚½"
"sting,h‚·"
"pastor,–qt"
"surrender,~•‚·‚ι"
"sympathetic,v‚Ά‚β‚θ‚Μ‚ ‚ι"
"tame,”‚Ά‚Θ‚η‚·"
"exploration,’TΈ"
"thereby,‚»‚κ‚Ι‚ζ‚Α‚Δ"
"tomb,•ζ"
"spectrum,”g’·••z"
"tutor,‰Ζ’λ‹³t"
"realm,—Μζ"
"unkind,•seΨ‚Θ"
"peel,”η‚π‚ή‚­"
"recipient,σζl"
"urgent,‹Ω‹}‚ΜC‹}‚¬‚Μ"
"vain,‚¤‚Κ‚Ϊ‚κ‚‹­‚Ά"
"flip,‚Ν‚¶‚­A‚Π‚Α‚­‚θ•Τ‚·"
"bias,•Ξ©Cζ“όΟ"
"metaphor,”δg"
"verse,C‰C•¶"
"judicial,i–@‚Μ"
"entity,ΐέCΐ‘Μ"
"diplomatic,Oπγ‚ΜCOπ―‚Μ"
"elegant,—D‰λ‚Θ"
"vanish,Α‚¦‚ι"
"wicked,Χ«‚ΘC•s³‚Μ"
"gravity,d—Ν"
"prevention,–h~C—\–h"
"yawn,‚ ‚­‚Ρ‚π‚·‚ι"
"minimize,Ε¬‰»‚·‚ι"
"absurd,‚Ξ‚©‚°‚½C•s‡—‚Θ"
"acquaint,’m‚η‚Ή‚ι"
"agony,ƒ‚µ‚Ά‹κ’Ι"
"apparatus,ν‹οC‘•’u"
"arithmetic,Z”"
"ascend,Έ‚ι"
"attendant,•t‚«“Y‚Ά‚ΜC•t‘Ρ‚Μ"
"blaze,‰Ξ‰"
"boredom,‘ή‹ό"
"breadth,•"
"brim,‚Φ‚θC‰"
"bundle,‘©"
"cape,–¦"
"capitalism,‘–{ε‹`"
"cathedral,‘εΉ“°"
"stiff,d‚ΆCd’Ό‚µ‚½"
"nominee,σ•β"
"diabetes,“”A•a"
"toxic,—L“Ε‚Θ"
"alleged,—e‹^‚Μ‚ ‚ι"
"grief,”ί‚µ‚έ"
"inmate,ϋ—eC“―‹l"
"parental,e‚Μ"
"flash,‘Mυ"
"glory,‰hυ"
"tuck,‰‚µ‚ή"
"conceal,‰B‚·C‰B‚κ‚ι"
"faint,‚©‚·‚©‚ΘC‚ν‚Έ‚©‚Θ"
"dilemma,”Β‚Ξ‚³‚έ"
"condense,‹Γk‚·‚ι"
"conductor,“±‘ΜCΔ“ΰlCwφ"
"shallow,σ‚ΆCy”–‚Θ"
"stadium,‹£‹Zκ"
"conquest,•Cθ—Μ"
"unite,’c‹‚·‚ι"
"cage,‚©‚²A‚¨‚θ"
"rack,’u‚«’I"
"courtroom,–@’μ"
"statute,–@—ί"
"cartoon,–‰ζ"
"copper,“Ί"
"courageous,—E‹C‚Μ‚ ‚ι"
"cradle,‚δ‚θ‚©‚²"
"bug,’AΜα"
"bless,j•‚·‚ι"
"hostile,“GΣ‚Μ‚ ‚ιC“G‚Μ"
"conceive,\‘z‚·‚ι"
"instantly,‚·‚®‚ΙC‘¦ΐ‚Ι"
"cunning,‚Έ‚ι«‚ΆCΰΒΰΟ‚Θ"
"vaccine,ƒƒNƒ`ƒ“"
"opposed,”½‘Ξ‚µ‚½"
"damp,Ό‚Α‚½C‚¶‚ί‚¶‚ί‚µ‚½"
"daring,‘ε’_‚ΘCό‚±‚¤©‚Έ‚Θ"
"revelation,[¦"
"declaration,ιΎ"
"delightful,y‚µ‚Ά"
"sheer,–{“–‚ΜC“§‚«’Κ‚ι‚ζ‚¤‚Θ"
"despise,y•Μ‚·‚ι"
"destiny,‰^–½"
"immune,–Ζ‰u"
"reliability,M—«"
"bush,–Ξ‚έ"
"exotic,Ω‘ξ‚Μ"
"acute,‰sp‚ΜC‰s‚Ά"
"dim,”–Γ‚Ά"
"thigh,‚Σ‚Ζ‚ΰ‚ΰ"
"bull,—Y‹"
"disgrace,•s–Ό—_C’pJ"
"disguise,•Ο‘•‚³‚Ή‚ι"
"secular,Ά‘­‚ΜC»Ά‚Μ"
"disgusting,™‚ΘC‹Ή‚«‚­‚Θ‚ι"
"cab,ƒ^ƒNƒV["
"dispose,”pό‚·‚ι"
"neutral,’†—§‚Μ"
"biology,¶•¨w"
"progressive,vV“I‚ΘCi•ΰ“I‚Θ"
"distress,‹κ’ΙC‹κ”Y"
"conspiracy,‰A–d"
"execution,ΐs"
"terrific,‚·‚²‚ΆC‘ε•Ο‚Θ"
"dread,‚Π‚Η‚­•|‚‚ι"
"verdict,•]C”»’f"
"skull,“W"
"self-esteem,©‘ΈS"
"dye,υ—Ώ"
"manipulate,‘€‚ι"
"eagerly,”MS‚Ι"
"practitioner,J‹ΖγAκ–ε‰Ζ"
"subsidy,•β•‹ΰ"
"tragic,”ί€“I‚Θ"
"jar,•r"
"earthquake,’nk"
"underlying,’κ‚Ι‚ ‚ι"
"embassy,‘εgΩ"
"sympathy,“―ξ"
"isolation,u—£"
"erect,’Ό—§‚Μ"
"errand,g‚Ά‘–‚θC—p–"
"syndrome,ΗσQ"
"forbidden,‹Φ‚¶‚η‚κ‚½"
"eternal,‰i‰“‚Μ"
"breeze,‚»‚ζ•—"
"exaggerate,Φ’£‚·‚ι"
"exclaim,‹©‚ΤCβ‹©‚·‚ι"
"presumably,‚½‚Τ‚ρC‚¨‚»‚η‚­"
"uncertain,•smΐ‚Θ"
"dissolve,—n‚©‚·"
"statistical,“v“I‚Θ"
"fairness,φ•½‚³"
"famine,H—Ώ•s‘«C‹Qι["
"farewell,•Κ‚κ"
"fascinating,–£f“I‚Θ"
"crush,‰‚µ‚Β‚Τ‚·"
"feast,‚²‚Ώ‚»‚¤C‰ƒ‰ο"
"cliff,R"
"fertile,”μ—€‚ΘC‘½Y‚Θ"
"illusion,¶oCφo"
"anonymous,“½–Ό‚Μ"
"flatter,‚¨Ά«‚πΎ‚¤"
"flourish,”Ι‰h‚·‚ι"
"flu,ƒCƒ“ƒtƒ‹ƒGƒ“ƒU"
"fluent,—¬’¨‚Θ"
"scramble,‘f‘‚­i‚ήC‹}‚Ά‚Ε‚·‚ι"
"foam,¬‚³‚Θ–A"
"tumor,ξα‡"
"pulse,–¬“®Ck“®"
"sibling,Z’νo–…"
"irony,”η“χ"
"midst,^‚ρ’†"
"alley,H’n"
"furnish,‰Ζ‹ο‚π”υ‚¦‚ι"
"persist,Ε·‚·‚ιC‚β‚θ’Κ‚·"
"gleam,‚«‚η‚ί‚«"
"gloomy,—JT‚Θ"
"fruitful,ΐ‚θ‘½‚Ά"
"glorious,‰hυ‚Μ"
"forgetful,–Y‚κ‚Α‚Ϋ‚Ά"
"legislature,—§–@•{"
"grieve,[‚­”ί‚µ‚ή"
"mentally,Έ_“I‚Ι"
"foster,—{η‚·‚ι"
"grim,µi‚ΘC‹°‚λ‚µ‚Ά"
"grind,”‚­C‚·‚θ‚Β‚Τ‚·"
"cheat,‚Ύ‚ά‚·A‚Ά‚©‚³‚ά"
"groan,‚¤‚ί‚«Ί"
"heal,–ό‚·"
"fever,”M"
"halt,—§‚Ώ~‚ά‚ιC’β~‚·‚ι"
"exploit,Μ‹Ζ"
"organism,¶–½‘Μ"
"harmless,–³Q‚Θ"
"hasten,‹}‚®"
"hay,±‚µ‘"
"shove,“Λ‚«o‚·C‰‚µo‚·"
"backyard,— ’λ"
"heap,‚©‚½‚ά‚θ"
"comprise,ά‚ήC\¬‚·‚ι"
"heir,‘‘±lC³p"
"herd,Q‚κ"
"placement,”z’u"
"grandchild,‘·"
"ecological,¶‘Τw“I‚Θ"
"honorable,‘Έh‚Ε‚«‚ι"
"outfit,ί‘•"
"horizon,’n•½ό"
"howl,‰“–i‚¦‚·‚ι"
"trash,‚²‚έ"
"ideally,—‘z“I‚Ι‚Ν"
"idiot,”n­"
"texture,¶’n"
"imitation,–Ν•νC^—"
"immensely,”‘ε‚Ι"
"graceful,—D‰λ‚Θ"
"impatient,‚Ή‚Α‚©‚Ώ‚Θ"
"custody,e "
"inhabit,¶‘§‚·‚ι"
"fleet,Ν‘ΰ"
"insure,•Ϋ―‚π‚©‚―‚ι"
"outsider,•”O"
"desperately,•K€‚Ι"
"compel,–³—‚Ι‚³‚Ή‚ι"
"ivory,Ϋ‰ε"
"proclaim,ιΎ‚·‚ι"
"confrontation,‘Ξ"
"lame,•s\•‚ΘC•s©—R‚Θ"
"lark,‹Y‚κCη’k"
"scent,‚θ"
"lastly,Εγ‚Ι"
"eyebrow,”ϋ"
"sack,‘ά"
"inherit,σ‚―p‚®"
"lick,‚Θ‚ί‚ι"
"nasty,•s‰υ‚Θ"
"shrink,k¬‚·‚ι"
"fierce,ƒ‚µ‚ΆC‹¥–\‚Θ"
"envision,‘z‘‚·‚ι"
"magnificent,‘s‘ε‚Θ"
"majesty,ΠµCε "
"aisle,’ΚH"
"weaken,γ‚ί‚ι"
"protocol,‹V—ηC‹¦’θ"
"unfair,•sφ•½‚Θ"
"terrain,’n`"
"deploy,“WJ‚·‚ιC”z’u‚·‚ι"
"distract,‚»‚η‚·"
"medieval,’†Ά‚Μ"
"depressed,—‚Ώ‚ρ‚Ύ"
"chunk,‚©‚½‚ά‚θ"
"microwave,“dqƒƒ“ƒW"
"midday,^’‹"
"migration,ΪZ"
"mischief,‚Ά‚½‚Έ‚η"
"misfortune,•sK"
"invade,N—‚·‚ι"
"classify,•—ή‚·‚ι"
"moan,‚¤‚ί‚«Ί"
"coup,‘ε“–‚½‚θ"
"density,–§“x"
"monarch,Nε"
"supportive,‹¦—Ν“I‚Θ"
"moss,‘Ϋ"
"stimulus,hƒ"
"mourn,’Q‚­"
"mummy,ƒ~ƒCƒ‰"
"dip,­‚µZ‚·"
"murmur,‚Β‚Τ‚β‚­"
"informal,”ρφ®‚Θ"
"feather,‰H"
"sphere,‹…‘Μ"
"pat,y‚­‚½‚½‚­"
"sole,’P“Ζ‚Μ"
"unfold,“WJ‚·‚ι"
"well-being,K•C’N"
"validity,—Lψ«"
"ecosystem,¶‘Τn"
"collar,‹έ"
"obedience,]‡"
"weed,G‘"
"streak,‹Ψ"
"oblige,‹`–±‚Γ‚―‚ι"
"glimpse,‚Π‚Ζ–Ϊ"
"omit,Θ—‚·‚ι"
"onward,‘Qi“I‚Θ"
"deem,l‚¦‚ι"
"artifact,lH•¨"
"sneak,‚±‚Α‚»‚θ“®‚­C”E‚Ρρ‚ι"
"mentor,w“±"
"oriental,“—m‚Μ"
"ornament,‘•ό"
"sleeve,‘³"
"rib,]"
"oversleep,Q–V‚·‚ιCQ‚·‚¬‚ι"
"overtake,’Η‚Ά‰z‚·"
"parish,‹³‹ζ"
"slavery,“z—κ§“x"
"commodity,¤•i"
"halfway,“r’†‚Μ"
"pastime,βy"
"cemetery,‚¨•ζ"
"pasture,–q‘’n"
"likelihood,‰Β”\«"
"atop,’Έγ‚Ι"
"perish,–Ε‚Ρ‚ι"
"pessimistic,”ίΟ“I‚Θ"
"rim,‰"
"embarrassed,’p‚Έ‚©‚µ‚Ά"
"isolated,Η—§‚µ‚½"
"pinch,‚Β‚ά‚ή"
"squad,•‘ΰ"
"plainly,–Ύ”’‚ΙC—¦’Ό‚Ι"
"plunge,“Λ“ό‚·‚ι"
"plural,•΅”‚Μ"
"demographic,lϋ“v‚Μ"
"chill,—β‚½‚³"
"pope,–@‰¤"
"refuge,”π“ο"
"steer,‘€c‚·‚ι"
"legislator,‹cυ"
"rally,‹W‚·‚ι"
"prefecture,§"
"intact,‚»‚Μ‚ά‚ά‚Μ"
"thrive,”Ι‰h‚·‚ι"
"chew,‚ή"
"conception,T”O"
"triumph,—"
"procession,s—ρCis"
"conscience,—ΗSC‘P«‚ΜT”O"
"jurisdiction,i–@ "
"inevitably,•K‘R“I‚Ι"
"prosper,”Ι‰h‚·‚ι"
"feminist,’j—“― ε‹`"
"constraint,S‘©C‹­§"
"emotionally,΄ξ“I‚Ι"
"expedition,‰“"
"allegedly,\‚µ—§‚Δ‚Ι‚ζ‚ι‚Ζ"
"provincial,’n•ϋ‚ΜC“cΙ‚Μ"
"lid,W"
"sprinkle,U‚θ‚©‚―‚ιC‚ά‚«U‚η‚·"
"mortality,€–S”C€–S(—¦)"
"philosophical,“Nw“I‚Θ"
"tolerance,°—e‚³"
"recess,‹xeC‹x‰Ι"
"peasant,”_–―"
"refine,Έ»‚·‚ι"
"refusal,‹‘”Ϋ"
"widow,–Ά–Sl"
"forbid,‹Φ‚¶‚ι"
"remarkably,’‚µ‚­"
"remedy,΅—Γ"
"brutal,c”E‚ΘC‘e–\‚Θ"
"predator,•ίH"
"poke,“Λ‚Α‚Β‚­"
"opt,‘I‚ΤC‘I‘π‚·‚ι"
"soar,•‘‚Άγ‚‚ι"
"autonomy,©΅"
"enact,§’θ‚·‚ι"
"thread,…"
"revive,¶‚«•Τ‚ι"
"fraction,•”"
"threshold,•~‹"
"roar,‚Ζ‚Η‚λ‚­C–i‚¦‚ι"
"robbery,‹­“"
"theological,_w“I‚Θ"
"prevail,‘Ε‚Ώ‚ΒC‚Ν‚Ρ‚±‚ι"
"denial,‹‘”Ϋ"
"scar,Υ"
"fragment,’f•Π"
"scarce,–R‚µ‚Ά"
"screw,‚Λ‚¶"
"warmth,’g‚©‚³"
"undergraduate,‘εw¶"
"projection,“‰e"
"cruel,c“‚Θ"
"shiny,‹P‚Ά‚½"
"sightseeing,Ου"
"singular,“ΑΩ‚Θ"
"snatch,‚Π‚Α‚½‚­‚ι"
"sneeze,‚­‚µ‚α‚έ/‚­‚µ‚α‚έ‚·‚ι"
"frown,”ϋ‚π‚Π‚»‚ί‚ι"
"regain,ζ‚θ–ί‚·"
"sob,‚·‚·‚θ‹ƒ‚­"
"rubber,ƒSƒ€"
"retreat,‘ή‹p"
"molecule,•q"
"sow,ν‚π‚ά‚­"
"integrated,“‡‚³‚κ‚½"
"accountability,ΰ–ΎΣ”C"
"contemplate,nl‚·‚ι"
"startle,‹Α±‚³‚Ή‚ι"
"spark,‰Ξ‰Τ"
"statesman,­΅‰Ζ"
"ironically,”η“χ‚Θ‚±‚Ζ‚Ι"
"fatigue,”ζJ"
"stern,µi‚Θ"
"preach,ΰ‹³"
"confession,”’"
"stride,‘ε‚«‚­•ΰ‚­"
"provoke,’§”­‚·‚ιC“{‚η‚Ή‚ι"
"marble,‘ε—Ξ"
"substantially,ΐΏ“I‚Ι"
"stubborn,ζΕ‚Θ"
"explicit,–Ύ‚η‚©‚Θ"
"disturbing,Χ–‚‚Θ"
"surveillance,Δ‹"
"magnetic,¥‹C‚Μ"
"summon,Ά«‚·‚ι"
"mutter,‚Β‚Τ‚β‚­C‚Ϊ‚»‚Ϊ‚»Ύ‚¤"
"devastating,‰σ–Ε“I‚Θ"
"coordinate,ΐ•W"
"swift,v‘¬‚Θ"
"symphony,π‹Ώ‹Θ"
"riot,–\“®"
"tempt,—Uf‚·‚ι"
"nutrient,‰h—{‘f"
"severely,µ‚µ‚­"
"sovereignty,ε "
"thermometer,‰·“xv"
"thorn,‚Ζ‚°"
"articulate,–Ύm‚Ι‚·‚ιC‚Ν‚Α‚«‚θ”­‰Ή‚·‚ι"
"throne,‰¤Κ"
"dense,–§‚Θ"
"swell,–c‚κ‚ι"
"accusation,”ρ“ο"
"torch,‚½‚Ά‚ά‚Β"
"terribly,‚Π‚Η‚­"
"cue,‡}"
"hazard,λ―"
"tread,‘«‚π“¥‚έ“ό‚κ‚ι"
"compelling,ΰ“Ύ—Ν‚Μ‚ ‚ι"
"tub,‰±"
"twilight,‰©¨"
"twinkle,‚«‚η‚«‚ηυ‚ι"
"weave,D‚ι"
"plea,’QθC•Ω‰π"
"uncover,–Ύ‚η‚©‚Ι‚·‚ι"
"spine,’Ε"
"dock,‘D’…κ"
"fog,–¶"
"utter,ƒ‘R‚½‚ιC‘S‚­‚Μ"
"diplomat,Oπ―"
"missionary,ι‹³t"
"epidemic,—¬s«‚Μ"
"admirable,©–‚Θ"
"fatal,’v–½“I‚ΘC”j–Ε“I‚Θ"
"vigor,—Ν"
"trim,®‚¦‚ι"
"vivid,‘N‚β‚©‚ΘC‘N–Ύ‚Θ"
"volcano,‰ΞR"
"feeble,γ‚Α‚½C”χγ‚Θ"
"inherent,–{—‚ΜC¶—‚Μ"
"vow,Ύ‚Ά"
"nationwide,‘S‘‚Μ"
"ward,‹ζ‰ζ"
"spit,‘Α‚π“f‚­"
"kneel,‚Π‚΄‚ά‚Έ‚­"
"dictate,w¦‚·‚ιC‘‚«ζ‚η‚Ή‚ι"
"wit,‹@“]"
"naval,CR‚Μ"
"plaintiff,΄"
"abrupt,‹}‚ΘC•sΣ‚Μ"
"accumulate,’~Ο‚·‚ιC—­‚ά‚ι"
"anticipation,ϊ‘"
"ape,—ήl‰"
"comical,‚¨‚Η‚―‚½Cm‚Θ"
"architectural,’z‚Μ"
"ascent,γΈ"
"astronaut,‰F’”ςsm"
"astronomy,“V•¶w"
"bald,“Γ‚°‚½"
"banish,’Η•ϊ‚·‚ι"
"beak,‚­‚Ώ‚Ξ‚µ"
"betrayal,— Ψ‚θ"
"bleach,•Y”’‚·‚ι"
"blot,‚µ‚έ"
"blueprint,ΒΚ^"
"bribe,dG"
"brighten,–Ύ‚ι‚­‚·‚ι"
"brilliance,–Ύ‚ι‚³"
"brook,¬μ"
"broom,‚Ω‚¤‚«"
"canyon,‹¬’J"
"chairperson,‹c’·"
"chilly,”§¦‚Ά"
"coarse,‘e––‚ΘC‘e‚Ά"
"comet,a―"
"contentment,–‘«"
"councilor,•]‹cυ"
"cozy,‹S’n‚Μ—Η‚Ά"
"crook,p‹Θ‚³‚Ή‚ι"
"crouch,‚µ‚α‚‚ή"
"deceit,Ό‹\C‹•‹U"
"defy,–³‹‚·‚ιC‹t‚η‚¤"
"delicately,‘@Χ‚Ι"
"dew,I"
"digestion,Α‰»"
"disturbance,‘›“®C–WQ"
"ditch,a"
"dizzy,‚ί‚ά‚Ά‚‚·‚ι"
"dreadful,‹°‚λ‚µ‚Ά"
"dullness,“έ‚³"
"dwelling,Z‹"
"earnestly,^•‚Ι"
"electron,“dq"
"endurance,”E‘Ο"
"corrupt,•…”s‚µ‚½"
"envious,‘A‚ά‚µ‚Ά"
"eternally,‰i‰“‚Ι"
"exaggeration,Φ’£"
"examiner,RΈ―"
"excursion,‰“‘«"
"exhaustion,Ν‰A”ζJ"
"fable,μ‚θb"
"faraway,‰“‚­‚Μ"
"federation,A‡"
"fling,“‚°”ς‚Ξ‚·"
"folly,‹π‚©‚³"
"fossil,‰»Ξ"
"fulfillment,‹sCΐ‘H"
"fuss,‹σ‘›‚¬"
"fuzzy,‚Ϊ‚β‚―‚½"
"gateway,o“όϋ"
"gem,•σΞ"
"gratitude,΄Σ"
"graze,y‚­H‚Χ‚ιC‘‚πH‚¤"
